7	krOajOte	2	1	13	sunleyj@parliament.uk	2022-06-14 14:46:06 +00:00
8	PE8rYNNh	4	1	3.40000009536743	sunleyj@parliament.uk	2022-06-14 14:46:22 +00:00
9	NpIaok6u	8	1	4	sunleyj@parliament.uk	2022-06-14 14:46:33 +00:00
10	Pvn9Szx1	9	1	3	sunleyj@parliament.uk	2022-06-14 14:46:51 +00:00
11	2Zwo0dgJ	14	1	1	sunleyj@parliament.uk	2022-06-14 14:28:04 +00:00
12	TE6JUlzU	14	5	1	sunleyj@parliament.uk	2022-06-14 14:27:46 +00:00
13	s0eJBxpw	10	1	4	sunleyj@parliament.uk	2022-06-14 14:47:04 +00:00
14	80lkNQ9I	12	1	3.40000009536743	sunleyj@parliament.uk	2022-06-14 14:47:14 +00:00
15	Hvo2wvsT	15	1	2	sunleyj@parliament.uk	2022-06-14 14:47:26 +00:00
16	rlR0p4Lh	19	1	6	sunleyj@parliament.uk	2022-06-14 14:47:35 +00:00
17	pulCmcCS	21	1	13	sunleyj@parliament.uk	2022-06-14 14:47:50 +00:00
18	nNtldcAg	23	1	11	sunleyj@parliament.uk	2022-06-14 14:48:00 +00:00
19	yp1zRyzj	26	1	14	sunleyj@parliament.uk	2022-06-14 14:48:09 +00:00
20	aFh3yjQK	28	1	22	sunleyj@parliament.uk	2022-06-14 14:48:51 +00:00
21	HM0Ey0GA	29	1	14	sunleyj@parliament.uk	2022-06-14 14:49:20 +00:00
22	RuTTpHsx	32	1	9	sunleyj@parliament.uk	2022-06-14 14:49:43 +00:00
23	6vJhYJHv	33	1	7	sunleyj@parliament.uk	2022-06-14 14:49:56 +00:00
24	9N8FpI9f	34	1	10	sunleyj@parliament.uk	2022-06-14 14:50:10 +00:00
25	L89A0THS	36	1	20	sunleyj@parliament.uk	2022-06-14 14:50:26 +00:00
26	gWvrIJhB	38	1	11	sunleyj@parliament.uk	2022-06-14 14:50:38 +00:00
27	RHaEgXxK	39	1	23	sunleyj@parliament.uk	2022-06-14 14:50:57 +00:00
28	e9JsYdqU	40	1	16	sunleyj@parliament.uk	2022-06-14 14:51:10 +00:00
29	HGOC6kGk	42	1	22	sunleyj@parliament.uk	2022-06-14 14:51:26 +00:00
30	ph8XMuwz	43	1	20	sunleyj@parliament.uk	2022-06-14 14:51:41 +00:00
31	hY3U6qRZ	44	1	29	sunleyj@parliament.uk	2022-06-14 14:51:54 +00:00
32	Q6pREZF7	50	1	8	sunleyj@parliament.uk	2022-06-14 14:53:30 +00:00
33	TWyvpNaJ	53	1	25	sunleyj@parliament.uk	2022-06-14 14:53:44 +00:00
34	t60BtB8F	60	1	21	sunleyj@parliament.uk	2022-06-14 14:53:57 +00:00
35	BAP3xB6H	61	1	21	sunleyj@parliament.uk	2022-06-14 14:54:06 +00:00
36	3usFgTHr	68	1	10.1000003814697	sunleyj@parliament.uk	2022-06-14 14:54:32 +00:00
37	Fxc1pXsm	69	1	4.09999990463257	sunleyj@parliament.uk	2022-06-14 14:54:55 +00:00
38	qoc4oS8u	70	1	4.09999990463257	sunleyj@parliament.uk	2022-06-14 14:55:03 +00:00
39	8FTrmqDz	72	1	6.09999990463257	sunleyj@parliament.uk	2022-06-14 14:55:43 +00:00
40	ooNg1Arj	74	1	10.1000003814697	sunleyj@parliament.uk	2022-06-14 14:55:49 +00:00
41	gjqf4tLy	75	1	10.1000003814697	sunleyj@parliament.uk	2022-06-14 14:56:08 +00:00
42	u0RB523a	78	1	23	sunleyj@parliament.uk	2022-06-14 14:56:21 +00:00
43	lPW7ga2Q	79	1	4.09999990463257	sunleyj@parliament.uk	2022-06-14 14:56:34 +00:00
44	CUd9Zzve	84	1	6.09999990463257	sunleyj@parliament.uk	2022-06-14 14:56:46 +00:00
45	nLCI2J6p	86	1	29	sunleyj@parliament.uk	2022-06-14 14:57:01 +00:00
46	cONrxBLP	92	1	4.09999990463257	sunleyj@parliament.uk	2022-06-14 14:57:08 +00:00
47	4I6UlZ45	94	1	10.1000003814697	sunleyj@parliament.uk	2022-06-14 14:57:22 +00:00
48	IkLYuHpq	96	1	16	sunleyj@parliament.uk	2022-06-14 14:57:40 +00:00
49	6FYzcltJ	100	1	15	sunleyj@parliament.uk	2022-06-14 14:57:48 +00:00
50	j8hKVtCi	105	1	12	sunleyj@parliament.uk	2022-06-14 14:58:02 +00:00
51	Db7Ztso5	110	1	30	sunleyj@parliament.uk	2022-06-14 14:58:17 +00:00
52	4xyK8rOg	111	1	30	sunleyj@parliament.uk	2022-06-14 14:58:24 +00:00
53	MkhckGgV	143	1	6.09999990463257	sunleyj@parliament.uk	2022-06-14 14:58:32 +00:00
54	k9poU5cH	188	1	20	sunleyj@parliament.uk	2022-06-14 14:58:54 +00:00
55	XwBSNXss	200	1	3.09999990463257	sunleyj@parliament.uk	2022-06-14 14:59:07 +00:00
56	lLZU1cbo	201	1	3.09999990463257	sunleyj@parliament.uk	2022-06-14 14:59:13 +00:00
57	QlTIeT0p	213	1	14	sunleyj@parliament.uk	2022-06-14 14:59:42 +00:00
58	4ZNYAFqB	214	1	22	sunleyj@parliament.uk	2022-06-14 14:59:52 +00:00
59	IcUIn5ja	215	1	20	sunleyj@parliament.uk	2022-06-14 15:00:02 +00:00
60	5eYxdo6G	224	1	6.19999980926514	sunleyj@parliament.uk	2022-06-14 15:00:11 +00:00
61	Lg7fOPDc	230	1	27	sunleyj@parliament.uk	2022-06-14 15:00:32 +00:00
62	uyaJ1b35	231	1	28	sunleyj@parliament.uk	2022-06-14 15:00:38 +00:00
63	NTDzdtcr	232	1	26	sunleyj@parliament.uk	2022-06-14 15:00:54 +00:00
64	UxiWR0yG	233	1	1	sunleyj@parliament.uk	2022-06-14 15:01:03 +00:00
65	QVQBA4QF	234	1	3.20000004768372	sunleyj@parliament.uk	2022-06-14 15:01:19 +00:00
66	lNCveeop	235	1	3.20000004768372	sunleyj@parliament.uk	2022-06-14 15:01:29 +00:00
67	RCjSMEph	236	1	1	sunleyj@parliament.uk	2022-06-14 15:01:39 +00:00
68	BOc6ozhV	238	1	3	sunleyj@parliament.uk	2022-06-14 15:01:49 +00:00
69	e2dtsMNN	239	1	1	sunleyj@parliament.uk	2022-06-14 15:01:56 +00:00
70	6sBjv7vb	240	1	2	sunleyj@parliament.uk	2022-06-14 15:02:07 +00:00
71	Gl4lJstw	242	1	25	sunleyj@parliament.uk	2022-06-14 15:02:23 +00:00
72	LXwyknXq	243	1	24	sunleyj@parliament.uk	2022-06-14 15:02:31 +00:00
73	CrkXoULK	244	1	17.1000003814697	sunleyj@parliament.uk	2022-06-14 15:02:49 +00:00
74	hGhmTHkJ	251	1	17	sunleyj@parliament.uk	2022-06-14 15:02:59 +00:00
75	h2yQddxp	252	1	17.1000003814697	sunleyj@parliament.uk	2022-06-14 15:03:05 +00:00
76	N6UCwEXR	979	1	5	sunleyj@parliament.uk	2022-06-14 15:03:24 +00:00
77	ESA0x7tb	1135	1	14	sunleyj@parliament.uk	2022-06-14 15:03:38 +00:00
78	7czJzLKc	1136	1	14	sunleyj@parliament.uk	2022-06-14 15:03:46 +00:00
79	pKDOsaSh	1139	1	22	sunleyj@parliament.uk	2022-06-14 15:03:56 +00:00
80	PAdbLp5k	1140	1	22	sunleyj@parliament.uk	2022-06-14 15:04:03 +00:00
81	MHwy9qVR	1142	1	20	sunleyj@parliament.uk	2022-06-14 15:04:12 +00:00
82	5Qrkzbud	1281	1	3.29999995231628	sunleyj@parliament.uk	2022-06-14 15:04:26 +00:00
83	xj9VrYuA	1282	1	1	sunleyj@parliament.uk	2022-06-14 15:04:32 +00:00
84	lRE8RUUq	1322	1	3.29999995231628	sunleyj@parliament.uk	2022-06-14 15:04:39 +00:00
85	WQA7cZ0u	1508	1	9	sunleyj@parliament.uk	2022-06-14 15:04:52 +00:00
86	PX29x4cB	1509	1	18	sunleyj@parliament.uk	2022-06-14 15:05:02 +00:00
87	MoNwz2Ds	1510	1	18	sunleyj@parliament.uk	2022-06-14 15:05:09 +00:00
88	admiF9ow	1511	1	18	sunleyj@parliament.uk	2022-06-14 15:05:15 +00:00
89	pmNxugfy	1512	1	18	sunleyj@parliament.uk	2022-06-14 15:05:21 +00:00
90	NZt4pGPz	1513	1	18	sunleyj@parliament.uk	2022-06-14 15:05:33 +00:00
91	YsXXSdcj	1514	1	19	sunleyj@parliament.uk	2022-06-14 15:05:43 +00:00
92	7tVlVx4r	1515	1	19	sunleyj@parliament.uk	2022-06-14 15:05:47 +00:00
93	AvOUFUn5	2	5	21	sunleyj@parliament.uk	2022-06-14 15:11:02 +00:00
94	8JNzxWuO	3	5	7	sunleyj@parliament.uk	2022-06-14 15:11:23 +00:00
95	2gYBJ5rs	4	5	3	sunleyj@parliament.uk	2022-06-14 15:11:32 +00:00
96	fN73hJio	5	5	18	sunleyj@parliament.uk	2022-06-14 15:11:44 +00:00
97	47KGW2Fb	7	5	25	sunleyj@parliament.uk	2022-06-14 15:11:56 +00:00
98	GK6aJieE	8	5	4	sunleyj@parliament.uk	2022-06-14 15:12:04 +00:00
99	A7hV7jDt	9	5	33	sunleyj@parliament.uk	2022-06-14 15:12:31 +00:00
100	nLCId7wl	10	5	4	sunleyj@parliament.uk	2022-06-14 15:12:37 +00:00
101	3zC7jxYA	12	5	3	sunleyj@parliament.uk	2022-06-14 15:12:49 +00:00
102	8N5vOS8o	15	5	32	sunleyj@parliament.uk	2022-06-14 15:13:12 +00:00
103	r6I2iTxV	19	5	6	sunleyj@parliament.uk	2022-06-14 15:13:20 +00:00
104	YApJnxDN	20	5	25	sunleyj@parliament.uk	2022-06-14 15:13:33 +00:00
105	sY3Cph7Z	21	5	21	sunleyj@parliament.uk	2022-06-14 15:13:45 +00:00
106	M7rWaiRa	23	5	11	sunleyj@parliament.uk	2022-06-14 15:18:48 +00:00
107	jYuwd1Zh	24	5	9	sunleyj@parliament.uk	2022-06-14 15:18:59 +00:00
108	4ySk9mjW	34	5	10	sunleyj@parliament.uk	2022-06-14 15:19:07 +00:00
109	90DfM3eM	38	5	11	sunleyj@parliament.uk	2022-06-14 15:19:14 +00:00
110	V4n7Srhu	41	5	24	sunleyj@parliament.uk	2022-06-14 15:19:27 +00:00
111	RxCVmhla	45	5	23	sunleyj@parliament.uk	2022-06-14 15:19:54 +00:00
112	haDLTmP1	46	5	22	sunleyj@parliament.uk	2022-06-14 15:20:06 +00:00
113	0KSc0nCM	48	5	24	sunleyj@parliament.uk	2022-06-14 15:20:15 +00:00
114	eKtiACLR	54	5	23	sunleyj@parliament.uk	2022-06-14 15:20:25 +00:00
115	qmXdPaIU	56	5	14	sunleyj@parliament.uk	2022-06-14 15:20:44 +00:00
116	jPYDjdtA	57	5	8	sunleyj@parliament.uk	2022-06-14 15:21:13 +00:00
117	NDIYSP8h	58	5	12	sunleyj@parliament.uk	2022-06-14 15:21:24 +00:00
118	rCJC41DC	59	5	19	sunleyj@parliament.uk	2022-06-14 15:21:45 +00:00
119	oX2qAiWy	63	5	12	sunleyj@parliament.uk	2022-06-14 15:22:04 +00:00
120	iiBAtOrt	64	5	28	sunleyj@parliament.uk	2022-06-14 15:22:23 +00:00
121	ZbWTqQh2	68	5	10.1000003814697	sunleyj@parliament.uk	2022-06-14 15:22:32 +00:00
122	I1rDbRw8	69	5	4.09999990463257	sunleyj@parliament.uk	2022-06-14 15:22:40 +00:00
123	OfqOKpMZ	70	5	4.09999990463257	sunleyj@parliament.uk	2022-06-14 15:22:51 +00:00
124	KeR9BYzu	72	5	6.09999990463257	sunleyj@parliament.uk	2022-06-14 15:23:01 +00:00
125	Wsb2IdSa	74	5	10.1000003814697	sunleyj@parliament.uk	2022-06-14 15:25:00 +00:00
126	yXJ0bJgI	75	5	10.1000003814697	sunleyj@parliament.uk	2022-06-14 15:25:06 +00:00
127	sjhKBMeQ	77	5	15	sunleyj@parliament.uk	2022-06-14 15:25:23 +00:00
128	ZkmYVGHT	79	5	4.09999990463257	sunleyj@parliament.uk	2022-06-14 15:25:28 +00:00
129	hNFpcQIS	83	5	15	sunleyj@parliament.uk	2022-06-14 15:25:39 +00:00
130	rdqbih5U	84	5	6.09999990463257	sunleyj@parliament.uk	2022-06-14 15:25:45 +00:00
131	mtKzkxAx	85	5	30	sunleyj@parliament.uk	2022-06-14 15:25:57 +00:00
132	AqCOwH2y	88	5	22	sunleyj@parliament.uk	2022-06-14 15:26:10 +00:00
133	iTi3oiLH	89	5	14	sunleyj@parliament.uk	2022-06-14 15:26:25 +00:00
134	MccpdZ8c	90	5	17	sunleyj@parliament.uk	2022-06-14 15:26:37 +00:00
135	ROfbjW8S	91	5	30	sunleyj@parliament.uk	2022-06-14 15:26:48 +00:00
136	ktGxQK5M	92	5	4.09999990463257	sunleyj@parliament.uk	2022-06-14 15:26:54 +00:00
137	LSugSQOG	94	5	10.1000003814697	sunleyj@parliament.uk	2022-06-14 15:27:00 +00:00
138	8Ncs17qc	95	5	17	sunleyj@parliament.uk	2022-06-14 15:27:13 +00:00
139	yg1sbAeS	106	5	29	sunleyj@parliament.uk	2022-06-14 15:27:31 +00:00
140	0bf6Qxkc	107	5	29	sunleyj@parliament.uk	2022-06-14 15:27:42 +00:00
141	Rhhtr8v0	110	5	31	sunleyj@parliament.uk	2022-06-14 15:27:56 +00:00
142	mxrBpVQ4	111	5	31	sunleyj@parliament.uk	2022-06-14 15:28:09 +00:00
143	GPkqeD9s	143	5	6.09999990463257	sunleyj@parliament.uk	2022-06-14 15:28:15 +00:00
144	pnGZOhMo	182	5	12	sunleyj@parliament.uk	2022-06-14 15:28:29 +00:00
145	pY7a9PKC	183	5	15	sunleyj@parliament.uk	2022-06-14 15:28:41 +00:00
146	gjtA2VaS	184	5	22	sunleyj@parliament.uk	2022-06-14 15:28:52 +00:00
147	HMELNAJ2	185	5	24	sunleyj@parliament.uk	2022-06-14 15:29:04 +00:00
148	lZgvawTg	194	5	20	sunleyj@parliament.uk	2022-06-14 15:29:13 +00:00
149	o9tP3Ziq	195	5	26	sunleyj@parliament.uk	2022-06-14 15:29:20 +00:00
150	WXMtUdpL	199	5	13	sunleyj@parliament.uk	2022-06-14 15:29:45 +00:00
151	CDQxWzt9	204	5	15	sunleyj@parliament.uk	2022-06-14 15:29:54 +00:00
152	83Fd1DKl	205	5	12	sunleyj@parliament.uk	2022-06-14 15:30:05 +00:00
153	Dz7HBfua	207	5	26	sunleyj@parliament.uk	2022-06-14 15:30:25 +00:00
154	fyEJrmCS	208	5	24	sunleyj@parliament.uk	2022-06-14 15:30:34 +00:00
155	h7JgJsey	209	5	16	sunleyj@parliament.uk	2022-06-14 15:30:49 +00:00
156	MSSFBO2k	210	5	22	sunleyj@parliament.uk	2022-06-14 15:31:10 +00:00
157	y244LOzF	224	5	6.19999980926514	sunleyj@parliament.uk	2022-06-14 15:31:16 +00:00
158	fjNVdERs	233	5	1	sunleyj@parliament.uk	2022-06-14 15:31:21 +00:00
159	jQhnrb5I	234	5	2	sunleyj@parliament.uk	2022-06-14 15:31:35 +00:00
160	LYudbkcJ	235	5	2	sunleyj@parliament.uk	2022-06-14 15:31:38 +00:00
161	icQrmlQY	979	5	5	sunleyj@parliament.uk	2022-06-14 15:31:51 +00:00
162	MKTKa8BB	1094	5	15	sunleyj@parliament.uk	2022-06-14 15:32:04 +00:00
163	1324KgXv	1104	5	24	sunleyj@parliament.uk	2022-06-14 15:32:37 +00:00
164	ZnYMsjy8	1112	5	26	sunleyj@parliament.uk	2022-06-14 15:32:49 +00:00
165	VWgz4xIU	1113	5	26	sunleyj@parliament.uk	2022-06-14 15:32:57 +00:00
166	CdxQJz3d	1115	5	26	sunleyj@parliament.uk	2022-06-14 15:33:03 +00:00
167	Ri7dePQd	1118	5	27	sunleyj@parliament.uk	2022-06-14 15:33:11 +00:00
168	bRNa5sOY	1119	5	27	sunleyj@parliament.uk	2022-06-14 15:33:16 +00:00
169	BTdhoCmD	1128	5	22	sunleyj@parliament.uk	2022-06-14 15:33:27 +00:00
170	6IYTwF1o	1125	5	12	sunleyj@parliament.uk	2022-06-14 15:33:39 +00:00
171	IYZn3icS	1281	5	2	sunleyj@parliament.uk	2022-06-14 15:33:47 +00:00
172	jZ8nV45Q	1282	5	1	sunleyj@parliament.uk	2022-06-14 15:33:51 +00:00
173	wEYfg9ka	1322	5	2	sunleyj@parliament.uk	2022-06-14 15:33:54 +00:00
174	ASlNdtfV	136	6	1	sunleyj@parliament.uk	2022-07-07 10:58:06 +00:00
175	DpKntDAZ	4	6	2	sunleyj@parliament.uk	2022-07-08 13:33:12 +00:00
176	iy7Gmc8q	12	6	2	sunleyj@parliament.uk	2022-07-08 13:33:42 +00:00
177	M5XaW8tP	118	6	3	sunleyj@parliament.uk	2022-07-08 13:34:20 +00:00
178	ybvP6cPz	119	6	3	sunleyj@parliament.uk	2022-07-08 13:34:28 +00:00
179	3AJNkyBX	138	6	4	sunleyj@parliament.uk	2022-07-08 13:36:25 +00:00
180	MPxDgvka	139	6	4	sunleyj@parliament.uk	2022-07-08 13:36:37 +00:00
181	YyVWWd09	278	6	5	sunleyj@parliament.uk	2022-07-08 13:38:32 +00:00
182	OQstGC3b	265	6	8	sunleyj@parliament.uk	2022-07-08 13:40:54 +00:00
183	DtFOpTpY	144	6	8.10000038146973	sunleyj@parliament.uk	2022-07-08 13:41:16 +00:00
184	E6Ucj5x7	254	6	8.19999980926514	sunleyj@parliament.uk	2022-07-08 13:41:35 +00:00
185	1Qr0RNk3	146	6	8.19999980926514	sunleyj@parliament.uk	2022-07-08 13:42:33 +00:00
186	4qbIqq0G	246	6	8.19999980926514	sunleyj@parliament.uk	2022-07-08 13:42:47 +00:00
187	wxbTPRk8	145	6	8.19999980926514	sunleyj@parliament.uk	2022-07-08 13:43:05 +00:00
188	SGyb2KLg	267	6	8.30000019073486	sunleyj@parliament.uk	2022-07-08 13:43:19 +00:00
189	8bfKTVty	266	6	9	sunleyj@parliament.uk	2022-07-08 13:46:11 +00:00
190	3BF8dw0z	268	6	9.10000038146973	sunleyj@parliament.uk	2022-07-08 13:46:24 +00:00
191	JyId7UHR	270	6	9.19999980926514	sunleyj@parliament.uk	2022-07-08 13:46:39 +00:00
192	oQqgvLyC	271	6	9.19999980926514	sunleyj@parliament.uk	2022-07-08 13:46:47 +00:00
193	eJE4LCua	272	6	9.19999980926514	sunleyj@parliament.uk	2022-07-08 13:46:58 +00:00
194	SqPwA3qz	273	6	9.19999980926514	sunleyj@parliament.uk	2022-07-08 13:47:02 +00:00
195	vXtvh83H	269	6	9.30000019073486	sunleyj@parliament.uk	2022-07-08 13:47:28 +00:00
196	8TDUOxaS	280	6	10	sunleyj@parliament.uk	2022-07-08 13:50:11 +00:00
197	CODRLxIW	279	6	11	sunleyj@parliament.uk	2022-07-08 13:51:03 +00:00
198	vQHCoLWg	247	6	11.1000003814697	sunleyj@parliament.uk	2022-07-08 13:51:47 +00:00
199	2C7xMirz	248	6	11.1999998092651	sunleyj@parliament.uk	2022-07-08 13:52:12 +00:00
200	Vkjzo7kh	249	6	11.1999998092651	sunleyj@parliament.uk	2022-07-08 13:52:39 +00:00
201	gK86Vh9e	250	6	11.1999998092651	sunleyj@parliament.uk	2022-07-08 13:52:43 +00:00
202	GD804OrJ	253	6	11.1999998092651	sunleyj@parliament.uk	2022-07-08 13:52:51 +00:00
203	zM5kEWoR	19	6	12	sunleyj@parliament.uk	2022-07-08 13:55:47 +00:00
204	I6TarDxM	151	6	12.3000001907349	sunleyj@parliament.uk	2022-07-08 14:00:50 +00:00
205	Wr99CaA7	227	6	12.3999996185303	sunleyj@parliament.uk	2022-07-08 14:01:11 +00:00
206	LUbtYUsE	276	6	12.5	sunleyj@parliament.uk	2022-07-08 14:01:27 +00:00
207	1umbn5Vm	225	6	12.6000003814697	sunleyj@parliament.uk	2022-07-08 14:02:37 +00:00
208	okAKZlfy	226	6	12.6999998092651	sunleyj@parliament.uk	2022-07-08 14:02:47 +00:00
209	iR3gduOO	275	6	12.8000001907349	sunleyj@parliament.uk	2022-07-08 14:03:01 +00:00
210	vMDc7SKP	152	6	12.8999996185303	sunleyj@parliament.uk	2022-07-08 14:03:20 +00:00
211	9lGhXiti	153	6	12.8999996185303	sunleyj@parliament.uk	2022-07-08 14:03:27 +00:00
212	XTw3hIFS	154	6	12.8999996185303	sunleyj@parliament.uk	2022-07-08 14:03:34 +00:00
213	eKMYlnNP	155	6	12.8999996185303	sunleyj@parliament.uk	2022-07-08 14:03:40 +00:00
214	UF2ZzTE2	156	6	12.8999996185303	sunleyj@parliament.uk	2022-07-08 14:03:49 +00:00
215	3gHE7yqe	157	6	12.8999996185303	sunleyj@parliament.uk	2022-07-08 14:03:55 +00:00
216	Tygw66JE	202	6	12.1000003814697	sunleyj@parliament.uk	2022-07-08 14:04:26 +00:00
217	fva6hg66	159	6	12.1099996566772	sunleyj@parliament.uk	2022-07-08 14:04:40 +00:00
218	FxbCD7Qq	1472	6	12.1099996566772	sunleyj@parliament.uk	2022-07-08 14:05:16 +00:00
219	4HYAgnCI	158	6	12.1099996566772	sunleyj@parliament.uk	2022-07-08 14:05:20 +00:00
220	g22E4gX6	274	6	12.1199998855591	sunleyj@parliament.uk	2022-07-08 14:05:42 +00:00
221	DLujEkKD	546	6	13	sunleyj@parliament.uk	2022-07-08 14:08:33 +00:00
222	PT341BsH	547	6	13.1000003814697	sunleyj@parliament.uk	2022-07-08 14:08:55 +00:00
223	lkiCxY9i	545	6	13.1999998092651	sunleyj@parliament.uk	2022-07-08 14:09:09 +00:00
224	3veabRCU	1324	6	13.3000001907349	sunleyj@parliament.uk	2022-07-08 14:09:35 +00:00
225	SB5p4SY2	548	6	13.3000001907349	sunleyj@parliament.uk	2022-07-08 14:09:38 +00:00
226	4NaIk7ri	549	6	13.3000001907349	sunleyj@parliament.uk	2022-07-08 14:09:42 +00:00
227	Be81TX83	550	6	13.3999996185303	sunleyj@parliament.uk	2022-07-08 14:10:29 +00:00
228	b2SOtVXP	1314	6	13.5	sunleyj@parliament.uk	2022-07-08 14:11:02 +00:00
229	Xq9R65E5	1321	6	13.6000003814697	sunleyj@parliament.uk	2022-07-08 14:11:09 +00:00
230	pa8pm9b8	1290	6	13.6999998092651	sunleyj@parliament.uk	2022-07-08 14:11:17 +00:00
231	y0hdBoVR	1292	6	13.8000001907349	sunleyj@parliament.uk	2022-07-08 14:11:39 +00:00
232	gi0CAi9T	1291	6	13.8000001907349	sunleyj@parliament.uk	2022-07-08 14:11:45 +00:00
233	oEgBrQSt	1325	6	13.8000001907349	sunleyj@parliament.uk	2022-07-08 14:11:49 +00:00
234	8SyNbrBM	1293	6	13.8999996185303	sunleyj@parliament.uk	2022-07-08 14:11:58 +00:00
235	CiHlMuEl	122	6	14	sunleyj@parliament.uk	2022-07-08 14:15:33 +00:00
236	dO94rA9Z	123	6	14	sunleyj@parliament.uk	2022-07-08 14:15:40 +00:00
237	pJ7Q0yIj	148	6	15	sunleyj@parliament.uk	2022-07-08 14:19:12 +00:00
238	xNGr53Za	255	6	16	sunleyj@parliament.uk	2022-07-08 14:21:29 +00:00
239	IWI2fJDj	256	6	20	sunleyj@parliament.uk	2022-07-08 14:30:02 +00:00
240	lmRk5XZH	257	6	20	sunleyj@parliament.uk	2022-07-08 14:30:05 +00:00
241	F525K2pw	258	6	20	sunleyj@parliament.uk	2022-07-08 14:30:09 +00:00
242	MFchv8aM	1064	6	20	sunleyj@parliament.uk	2022-07-08 14:30:15 +00:00
243	WtjUb68B	261	6	20	sunleyj@parliament.uk	2022-07-08 14:30:12 +00:00
244	rHnYFsQy	1065	6	21	sunleyj@parliament.uk	2022-07-08 14:30:31 +00:00
245	9hGEA1J7	263	6	22	sunleyj@parliament.uk	2022-07-08 14:30:56 +00:00
246	inAvOaIv	262	6	22	sunleyj@parliament.uk	2022-07-08 14:30:59 +00:00
247	UGoZ5nv2	132	6	17	sunleyj@parliament.uk	2022-07-08 14:28:02 +00:00
248	AzTBOey3	24	6	18	sunleyj@parliament.uk	2022-07-08 14:28:15 +00:00
249	1SiSaqui	38	6	19	sunleyj@parliament.uk	2022-07-08 14:28:55 +00:00
250	zCdzDE69	23	6	19	sunleyj@parliament.uk	2022-07-08 14:29:16 +00:00
251	akAH56fZ	116	6	23	sunleyj@parliament.uk	2022-07-08 14:32:41 +00:00
252	l7djFIb9	134	6	23	sunleyj@parliament.uk	2022-07-08 14:32:45 +00:00
253	uNAbhHlK	189	6	23	sunleyj@parliament.uk	2022-07-08 14:32:48 +00:00
254	KxGWdT0s	217	6	23	sunleyj@parliament.uk	2022-07-08 14:32:51 +00:00
255	seupSHRD	1066	6	23	sunleyj@parliament.uk	2022-07-08 14:32:54 +00:00
256	IuELMUWL	203	6	24	sunleyj@parliament.uk	2022-07-08 14:33:19 +00:00
257	K8lsWSwL	130	6	25	sunleyj@parliament.uk	2022-07-08 14:33:37 +00:00
258	qb73XMKx	128	6	25	sunleyj@parliament.uk	2022-07-08 14:33:41 +00:00
259	JfG7yzQs	150	6	26	sunleyj@parliament.uk	2022-07-08 14:41:31 +00:00
260	WMtgbqgz	161	6	27	sunleyj@parliament.uk	2022-07-08 14:41:43 +00:00
261	oveUZGl3	173	6	28	sunleyj@parliament.uk	2022-07-08 14:42:25 +00:00
262	zjSMDKbf	133	6	29	sunleyj@parliament.uk	2022-07-08 14:42:58 +00:00
263	r89HKzS7	21	6	30	sunleyj@parliament.uk	2022-07-08 14:43:41 +00:00
264	DKr9R4Ik	2	6	31	sunleyj@parliament.uk	2022-07-08 14:44:05 +00:00
265	LCmdzgpY	169	6	32	sunleyj@parliament.uk	2022-07-08 14:45:42 +00:00
266	qb24iaac	190	6	32	sunleyj@parliament.uk	2022-07-08 14:45:51 +00:00
267	37qBOiJK	218	6	32	sunleyj@parliament.uk	2022-07-08 14:45:59 +00:00
268	n9i5lEfj	1068	6	32	sunleyj@parliament.uk	2022-07-08 14:46:20 +00:00
269	0MxVmkUA	174	6	32	sunleyj@parliament.uk	2022-07-08 14:46:55 +00:00
270	p2ayLLpW	168	6	33	sunleyj@parliament.uk	2022-07-08 14:47:09 +00:00
271	ek4KTb37	167	6	33	sunleyj@parliament.uk	2022-07-08 14:47:12 +00:00
272	AETGNjRF	162	6	34	sunleyj@parliament.uk	2022-07-08 14:47:34 +00:00
273	yw1o5T48	220	6	34	sunleyj@parliament.uk	2022-07-08 14:47:43 +00:00
274	x53wZK5x	1069	6	34	sunleyj@parliament.uk	2022-07-08 14:47:54 +00:00
275	giCsMkvq	1070	6	34	sunleyj@parliament.uk	2022-07-08 14:48:01 +00:00
276	rZTOPrOy	1071	6	34	sunleyj@parliament.uk	2022-07-08 14:48:09 +00:00
277	2v8GSoTr	1072	6	35	sunleyj@parliament.uk	2022-07-08 14:48:19 +00:00
278	ebvqVqrC	1073	6	35	sunleyj@parliament.uk	2022-07-08 14:48:23 +00:00
279	lBi0cYfh	1076	6	36	sunleyj@parliament.uk	2022-07-08 14:49:44 +00:00
280	vg8NuPel	178	6	36	sunleyj@parliament.uk	2022-07-08 14:49:53 +00:00
281	oV40XHHf	179	6	36	sunleyj@parliament.uk	2022-07-08 14:50:04 +00:00
282	tb7U4Cbu	180	6	37	sunleyj@parliament.uk	2022-07-08 14:50:12 +00:00
283	Q9ih4nRr	181	6	37	sunleyj@parliament.uk	2022-07-08 14:50:15 +00:00
284	WTgAC33B	191	6	36	sunleyj@parliament.uk	2022-07-08 14:50:28 +00:00
285	SeOUhVBD	219	6	36	sunleyj@parliament.uk	2022-07-08 14:50:36 +00:00
286	CImMS5jN	135	6	38	sunleyj@parliament.uk	2022-07-08 14:51:22 +00:00
287	3fcgkxf0	192	6	38	sunleyj@parliament.uk	2022-07-08 14:51:38 +00:00
288	VEYu2K7k	221	6	38	sunleyj@parliament.uk	2022-07-08 14:51:52 +00:00
289	wCRA04my	1084	6	38	sunleyj@parliament.uk	2022-07-08 14:52:04 +00:00
290	Z7DQlkUt	117	6	38	sunleyj@parliament.uk	2022-07-08 14:52:16 +00:00
291	60M4LByP	129	6	39	sunleyj@parliament.uk	2022-07-08 14:52:28 +00:00
292	i7ECJ3rA	131	6	39	sunleyj@parliament.uk	2022-07-08 14:52:35 +00:00
293	FhPuP0fG	121	6	40	sunleyj@parliament.uk	2022-07-08 14:53:30 +00:00
294	lh19e9TQ	120	6	40	sunleyj@parliament.uk	2022-07-08 14:53:33 +00:00
295	W9Ym0zVT	120	6	40	sunleyj@parliament.uk	2022-07-08 14:53:54 +00:00
296	sxp3Q6n5	1067	6	41	sunleyj@parliament.uk	2022-07-08 14:55:02 +00:00
297	MXe53tgh	125	6	42	sunleyj@parliament.uk	2022-07-08 14:55:45 +00:00
298	IoabGv70	229	6	42	sunleyj@parliament.uk	2022-07-08 14:56:03 +00:00
299	uUnJFXde	127	6	42	sunleyj@parliament.uk	2022-07-08 14:56:55 +00:00
300	O1sJIAAv	142	6	43	sunleyj@parliament.uk	2022-07-08 14:57:42 +00:00
301	ey1hkdya	141	6	43	sunleyj@parliament.uk	2022-07-08 14:57:46 +00:00